"relative_path","sha256","width_px","height_px"
"raw/微信图片_20260929141719.jpg","303922834be82088daa6e71ddf880e59f74536e5491c774d864c5fb9fe93d53f","4096","3072"
"raw/微信图片_20260929141720.jpg","76a74118f0c62227205a124cfef8e5e22ac6c26aac32e6fb8914f9beb285f2f5","4096","3072"
"raw/微信图片_202609291417201.jpg","ff5c74dce166f8f96d3810c5c52f20fd3d5751008a520cf78c7d31128f0ff9d5","4096","3072"
"raw/微信图片_202609291417202.jpg","bd716ab4ed6e73c03631d3e24ff071ed96f9f092e8d29db36788fbd1923580dd","4096","3072"
"raw/微信图片_20260929141721.jpg","69ef93697854751aa4309618fcab4b1c97ec73500a30dcca34eef8aacfd71586","4096","3072"
"raw/微信图片_20260929141722.jpg","289af9f0844316d22886c5cc225a0663c017149b062309b0093c10b9e81f9c08","4096","3072"
"raw/微信图片_202609291417221.jpg","9a22b3a2a13c996e1f251bda69146df77b90e95ec99529d70edd9572050f5c99","4096","3072"
"raw/微信图片_20260929141724.jpg","c557bae0cebd0e9011db1d91b00997ff82d169e55ab09bbf26a1e94860122a7a","4096","3072"
"raw/微信图片_20260929141732.jpg","cf1626b0d4f11e8b555155bfb9a81e9829b2a74b51c909cd9d6e7121af73cd71","4096","3072"
"raw/微信图片_20260929141740.jpg","30a3834f9f04ec02fba571abad1e601fced322def440d9e7199645687d3ea6ca","4096","3072"
"raw/微信图片_20260929141748.jpg","6cb9d1a5cec0f5f3fc43648c670c88e2561657b139f27de8744c56dc9c5af0cc","4096","3072"
"raw/微信图片_20260929141755.jpg","feca81fae676c37b4a141cc1a2e2c2e61f4b9bd41ce32ab951810b9f0297e7c1","4096","3072"
"raw/微信图片_20260929141758.jpg","f9c0c3ab2cbd67d462e7ad93b4d342313211aa3f586e13d8f43fc598dab6a5c6","4096","3072"
"raw/微信图片_20260929141805.jpg","70fe49fe2f23ad362eca71b02c49b6f626d1be1d48b846a8709708c89edaa012","4096","3072"
"raw/微信图片_20260929141809.jpg","e667bcfa61c34e2144e5dd145cfd2712f5698f4ef49cd0b208ca7f2c24fc7d63","4096","3072"
"raw/微信图片_20260929141814.jpg","d5cd0b2ba9904999ce0ea84cca496c5a2f00af96acd17cf3ea6e6865fce3f1e0","4096","3072"
"raw/微信图片_20260929141819.jpg","71205caf965ee9d1c474b32e05e5c0e41161b77e51035188ab42fd3db1282d8b","4096","3072"
"raw/微信图片_20260929141823.jpg","2d216e14a679f6540b61580ee45896db5a30f53556489fae6981427e1716bd85","4096","3072"
"raw/微信图片_20260929141828.jpg","9e91f00006a90209746d807e90b1ff868e52f44f1aa949d222e004c7fd551be3","4096","3072"
"raw/微信图片_20260929141833.jpg","7dab99bbd10d277232d8ecd1d586cf5c5d97263555fadbf79fcb76e51ba76e23","4096","3072"
"raw/微信图片_20260929141837.jpg","10e369a83543492fad466ff5b5185bfcfcdd50fc33823cea38f893b50b9ba7fa","4096","3072"
"raw/微信图片_20260929141843.jpg","83cfbcc2dba455c80cc31be398bdef6cdc3563076d22dc0b94ba1649d6b20e84","4096","3072"
"raw/微信图片_20260929141847.jpg","2706dff2dea55e656d5758d8f9245dead6d0513559ac7878447873fef8cd0394","4096","3072"
"raw/微信图片_20260929141852.jpg","3fe98166f74b5e4a797ba99c33b6bab8bf7914d334021dfca272ee56a6fdb848","4096","3072"
"raw/微信图片_20260929141856.jpg","28a30105e4218b60bb9c112e7c0f8c73b6a8e80ece16923fc2b58af46d40995c","4096","3072"
"raw/微信图片_20260929141901.jpg","83d4b0ae708fa96d9a6fea4ca6a9b00740d88bea3e12d760b2012d78ec5ad42c","4096","3072"
"raw/微信图片_20260929141906.jpg","2581f3baa320b5007c417da85face87846e935d2b3948a518b992d315353f00f","4096","3072"
"raw/微信图片_20260929141910.jpg","1c7a5e2afd393ad6d2d40f8073046c472fe3850ad19cd1fb47e9f9e88d0c8334","4096","3072"
"raw/微信图片_20260929141914.jpg","52dc0560ff0f06c4ff7a3c95fd10349b5d1b48b65ea37ba41ea2aa177163f40f","4096","3072"
"raw/微信图片_20260929141919.jpg","3be1465d2207c8aa65f094162e701b2aafc3032485560ae1bf5097ee264c08a8","4096","3072"
"raw/微信图片_20260929141922.jpg","84a7aa6d7722b6078100c7d9187c2ee539e05ada6ff05d60f97fb66f5e90ffca","4096","3072"
"supplemental_raw/微信图片_20260929184648.jpg","d719b3cbc758b22e75809fb8c7c04c8486c4c8ee1075c18aadc9d93b501f6a6d","3072","4096"
"supplemental_raw/微信图片_20260929184650.jpg","b58091ba11cd2217fe536860484c2dcd7e8bec8b152517bc0d403f20a1b1a3ab","3072","4096"
"supplemental_raw/微信图片_20260929184655.jpg","304c79b65885d28980bc3aa957cd893cba0d5f84f2cf7ab1efc29324a4062e02","3072","4096"
"supplemental_raw/微信图片_20260929184703.jpg","6c2f9a05138145efeff617a9436839dc54124b0589430a8e80a461fcb405db59","4096","3072"
"supplemental_raw/微信图片_20260929184711.jpg","647e083ccafb85b13c856ac669c515da548ef3a3d1065ad6eae53fd9b3329119","4096","3072"
"supplemental_raw/微信图片_20260929184714.jpg","51e09896a8f9f0b9acd6c099e2a0d82ba0df7a9904256e977b8ed0f7dc8c0c1c","4096","3072"
"supplemental_raw/微信图片_20260929184717.jpg","7ccc4b70633dbcc103dbf0571981bf804a4a83e2a07823e880e25efe9d309cdc","4096","3072"
"supplemental_raw/微信图片_20260929184719.jpg","b53305239b8aa25dc1ff80ddd3c7393d2fabc8fb3a975cc4933ead9b4b8b11f9","4096","3072"
"supplemental_raw/微信图片_20260929184725.jpg","897078cb69e7c7a81b506924248b794dcb45daec065a3b50e134d26e6f977345","4096","3072"
"supplemental_raw/微信图片_20260929184731.jpg","4bf65963dc51aadb5516c9344f21541da223de6275e13d16219a384ce1298228","4096","3072"
"supplemental_raw/微信图片_20260929184742.jpg","ed72451e93846744f581825259a6f7c71f6e74936fb6d55ee79124b4a78dca74","4096","3072"
"supplemental_raw/微信图片_20260929184750.jpg","9686232eeb62e33af4df707769cdf00945ae8eb3b3e4ef9b88c371405d01138f","4096","3072"
"supplemental_raw/微信图片_20260929184756.jpg","1d0130af4fc2cd1e796cc91716bf3c2e4df15e0d9b9f03dab4c50584fdcf9106","4096","3072"
"supplemental_raw/微信图片_20260929184805.jpg","87d8ed16a12b48fc54906449bf166a579a5379273f83bdc3d43c2cd6ac630c6c","4096","3072"
